id,first_name,last_name,email,gender,ip_address
1,Carmen,McTerlagh,cmcterlagh0@squidoo.com,Female,63.174.4.45
2,Ferrell,Bertomeu,fbertomeu1@google.cn,Male,1.117.192.146
3,Erasmus,Shearman,eshearman2@reverbnation.com,Male,174.74.49.211
4,Sherri,Ragge,sragge3@imageshack.us,Female,232.3.125.66
5,Cheri,Spilsted,cspilsted4@google.nl,Female,67.230.74.50
6,Nester,Margery,nmargery5@jigsy.com,Genderqueer,76.212.254.183
7,Marlene,MacNeillie,mmacneillie6@reddit.com,Female,203.56.24.22
8,Vivyan,Heed,vheed7@yahoo.com,Female,56.142.192.132
9,Terri-jo,Snape,tsnape8@netscape.com,Bigender,191.177.149.7
10,Huntington,McCleverty,hmccleverty9@alexa.com,Genderqueer,96.220.175.117
11,Etheline,Langham,elanghama@vinaora.com,Female,202.50.118.50
12,Granville,Letchford,gletchfordb@acquirethisname.com,Male,105.206.84.125
13,Mira,Jachimiak,mjachimiakc@vistaprint.com,Female,136.91.148.204
14,Shae,Dornin,sdornind@geocities.com,Female,19.26.22.73
15,Wilfrid,Laboune,wlabounee@ebay.co.uk,Male,235.23.183.21
16,Gregg,Pleven,gplevenf@berkeley.edu,Male,164.244.98.130
17,Kaleb,Tale,ktaleg@sohu.com,Bigender,87.234.105.228
18,Layla,Hanfrey,lhanfreyh@yellowpages.com,Female,176.22.191.172
19,Estell,Statter,estatteri@wisc.edu,Female,186.132.112.13
20,Gene,Skellen,gskellenj@discuz.net,Female,63.113.146.54
21,Mag,Janse,mjansek@nih.gov,Female,139.207.64.101
22,Alain,Callf,acallfl@businessinsider.com,Male,17.77.2.84
23,Alaric,Crutch,acrutchm@printfriendly.com,Male,130.119.69.248
24,Flory,Swan,fswann@ocn.ne.jp,Male,143.76.200.171
25,Justino,Dugald,jdugaldo@spotify.com,Male,27.203.238.97
26,Zebadiah,Maffey,zmaffeyp@webeden.co.uk,Male,170.12.136.216
27,Robin,Layus,rlayusq@typepad.com,Male,39.193.63.131
28,Illa,Nazaret,inazaretr@census.gov,Female,254.2.253.127
29,Berkly,Galland,bgallands@wikipedia.org,Male,132.196.119.8
30,Sydel,Farra,sfarrat@51.la,Female,28.71.56.56
31,Rozele,Corneck,rcornecku@hatena.ne.jp,Female,184.80.77.29
32,Graehme,Issacof,gissacofv@tmall.com,Male,12.142.94.133
33,Chuck,Ferrand,cferrandw@yahoo.com,Male,251.25.1.63
34,Wolfy,McGeever,wmcgeeverx@hao123.com,Genderqueer,103.157.175.68
35,Casar,Kither,ckithery@scientificamerican.com,Male,119.85.190.43
36,Heriberto,Blondel,hblondelz@yandex.ru,Male,173.81.187.71
37,Fiorenze,Vlasyev,fvlasyev10@tiny.cc,Genderqueer,225.12.166.188
38,Hazel,Espasa,hespasa11@multiply.com,Female,103.88.166.244
39,Ilyssa,De Vaux,idevaux12@dell.com,Female,177.95.28.213
40,Hobey,Banke,hbanke13@ucoz.com,Non-binary,1.83.71.93
41,Lawry,Treend,ltreend14@github.io,Male,177.166.56.188
42,Morrie,Goodluck,mgoodluck15@bluehost.com,Male,185.141.89.149
43,Had,Schout,hschout16@digg.com,Male,134.122.187.54
44,Brnaby,Belison,bbelison17@quantcast.com,Male,24.197.150.208
45,Cleve,Weald,cweald18@edublogs.org,Male,213.33.6.234
46,Rhodia,Godridge,rgodridge19@techcrunch.com,Female,181.9.48.183
47,Chelsae,Broadnicke,cbroadnicke1a@amazon.de,Female,67.233.190.220
48,Aldrich,Busse,abusse1b@blogger.com,Male,100.131.210.72
49,Kellen,Greenmon,kgreenmon1c@rambler.ru,Female,201.92.167.41
50,Lonnie,Mossman,lmossman1d@ebay.com,Male,217.182.67.60
51,Roderick,Elderidge,relderidge1e@japanpost.jp,Male,200.225.136.24
52,Erik,Crowder,ecrowder1f@unc.edu,Male,244.232.183.190
53,Matthaeus,Bugby,mbugby1g@mail.ru,Male,16.222.20.192
54,Hillyer,Dalley,hdalley1h@rambler.ru,Male,38.29.145.88
55,Zachary,Calvard,zcalvard1i@ycombinator.com,Male,45.223.134.144
56,Estell,Pfeuffer,epfeuffer1j@gov.uk,Female,242.253.37.205
57,Fairfax,Guyonnet,fguyonnet1k@icq.com,Male,173.28.196.203
58,Marje,Gell,mgell1l@state.gov,Female,181.73.18.245
59,Barde,Baudou,bbaudou1m@wufoo.com,Male,146.239.132.31
60,Clarance,Dewdeny,cdewdeny1n@businessweek.com,Male,94.207.87.68
61,Cecilio,Center,ccenter1o@amazon.de,Male,153.147.252.32
62,Aldis,Whitnell,awhitnell1p@earthlink.net,Male,158.186.212.183
63,Peirce,Batter,pbatter1q@mtv.com,Genderqueer,89.200.234.66
64,Filberto,Billham,fbillham1r@nyu.edu,Polygender,63.111.181.26
65,Everard,Chestnut,echestnut1s@godaddy.com,Male,21.36.170.176
66,Maitilde,Oulett,moulett1t@google.com.br,Female,233.102.57.216
67,Myranda,Van der Beken,mvanderbeken1u@shutterfly.com,Female,69.124.185.71
68,Fanny,Ranyell,franyell1v@tuttocitta.it,Female,24.147.143.72
69,Llewellyn,Lithcow,llithcow1w@issuu.com,Male,236.240.127.231
70,Beverlie,Bocke,bbocke1x@ftc.gov,Genderfluid,244.121.229.63
71,Rice,Burley,rburley1y@goodreads.com,Male,68.137.74.216
72,Noelle,Palek,npalek1z@seattletimes.com,Female,247.192.2.46
73,Agata,Stolle,astolle20@google.cn,Female,214.78.192.111
74,Gusta,Wyndham,gwyndham21@odnoklassniki.ru,Female,201.72.84.10
75,Leonora,Foli,lfoli22@cnet.com,Female,201.171.22.97
76,Veda,Durek,vdurek23@dot.gov,Female,25.93.218.205
77,Elora,Dowyer,edowyer24@auda.org.au,Female,111.101.64.198
78,Gaby,Overington,goverington25@foxnews.com,Male,99.45.85.34
79,Stern,Killick,skillick26@bigcartel.com,Male,78.82.63.228
80,Demetris,MacScherie,dmacscherie27@wikimedia.org,Male,243.78.188.136
81,Merna,Salzburg,msalzburg28@newsvine.com,Female,244.66.156.181
82,Madella,Pakes,mpakes29@de.vu,Female,189.244.151.155
83,Mozelle,Podmore,mpodmore2a@prweb.com,Female,124.90.111.211
84,Duffie,Renackowna,drenackowna2b@angelfire.com,Male,215.159.160.113
85,Angelle,Wasmuth,awasmuth2c@domainmarket.com,Female,253.187.241.67
86,Isabeau,Farfoot,ifarfoot2d@topsy.com,Female,49.157.249.38
87,Lek,Yashaev,lyashaev2e@privacy.gov.au,Male,15.86.105.73
88,Mercedes,Motton,mmotton2f@newsvine.com,Female,96.5.173.143
89,Kacie,Beller,kbeller2g@biblegateway.com,Female,234.58.175.37
90,Sharleen,Van Niekerk,svanniekerk2h@cmu.edu,Genderfluid,244.223.48.135
91,Connor,Ellens,cellens2i@digg.com,Male,5.49.22.254
92,Laird,Mounter,lmounter2j@dion.ne.jp,Male,78.252.100.59
93,Randal,Ambrogini,rambrogini2k@cpanel.net,Male,1.140.125.17
94,Colby,Closs,ccloss2l@dyndns.org,Male,82.58.165.239
95,Garwood,Taylorson,gtaylorson2m@dailymotion.com,Male,241.237.171.77
96,Clay,Shermore,cshermore2n@plala.or.jp,Male,239.8.223.203
97,Bogey,Pesselt,bpesselt2o@ow.ly,Male,98.171.131.144
98,Ruggiero,Kilford,rkilford2p@cmu.edu,Male,92.250.206.139
99,Othilie,Grzegorzewicz,ogrzegorzewicz2q@google.it,Female,218.230.63.38
100,Emalia,Strowlger,estrowlger2r@unicef.org,Female,225.152.235.167
101,Judah,Pele,jpele2s@github.com,Male,115.209.233.6
102,Mauricio,Whitwood,mwhitwood2t@tripadvisor.com,Male,8.67.206.157
103,Susanne,Blenkharn,sblenkharn2u@rediff.com,Female,200.254.164.174
104,Winnie,Justice,wjustice2v@tripadvisor.com,Male,236.50.95.253
105,Jeniffer,Blaksley,jblaksley2w@a8.net,Female,153.10.175.247
106,Grannie,Steeples,gsteeples2x@histats.com,Male,39.152.36.11
107,Wandie,Jensen,wjensen2y@marketwatch.com,Female,77.183.119.120
108,Sabra,Gebhardt,sgebhardt2z@independent.co.uk,Female,136.17.179.28
109,Sean,Graver,sgraver30@meetup.com,Male,231.192.125.67
110,Bearnard,Helstrom,bhelstrom31@howstuffworks.com,Male,134.201.116.128
111,Howard,Zanelli,hzanelli32@mozilla.com,Bigender,255.57.248.75
112,Skelly,Gillions,sgillions33@bigcartel.com,Male,5.209.180.162
113,Janeczka,Kear,jkear34@cargocollective.com,Female,187.97.33.78
114,Harv,Gadney,hgadney35@howstuffworks.com,Male,249.20.63.157
115,Jaimie,Fairbrass,jfairbrass36@tinypic.com,Female,219.49.186.125
116,Rozalin,Huerta,rhuerta37@com.com,Female,76.80.147.150
117,Noel,Swiggs,nswiggs38@artisteer.com,Genderqueer,20.50.231.253
118,Glynda,Surgison,gsurgison39@last.fm,Female,171.154.86.61
119,Edi,O'Shirine,eoshirine3a@spotify.com,Polygender,74.182.87.117
120,Pryce,Caroline,pcaroline3b@tiny.cc,Male,177.244.216.25
121,Harriett,Murray,hmurray3c@thetimes.co.uk,Female,179.169.176.172
122,Mirna,Skaife d'Ingerthorpe,mskaifedingerthorpe3d@gnu.org,Female,46.2.221.144
123,Gallard,Cunnane,gcunnane3e@arizona.edu,Male,205.200.87.196
124,Hermon,Joicey,hjoicey3f@phoca.cz,Male,124.247.192.221
125,Curtis,Kitman,ckitman3g@harvard.edu,Male,180.86.215.67
126,Nataline,Broadfoot,nbroadfoot3h@friendfeed.com,Female,52.8.30.186
127,Chrysa,Sandercock,csandercock3i@vimeo.com,Female,79.46.181.162
128,Lotte,Eidelman,leidelman3j@vistaprint.com,Female,16.72.26.220
129,Zia,Gulleford,zgulleford3k@netscape.com,Female,63.131.10.87
130,Salomone,O'Hare,sohare3l@sourceforge.net,Male,188.186.243.249
131,Josh,Doulden,jdoulden3m@globo.com,Male,91.217.251.231
132,Shirl,Jantel,sjantel3n@umich.edu,Female,35.215.66.43
133,Daryl,Belliard,dbelliard3o@newsvine.com,Female,53.107.215.214
134,Cara,Loalday,cloalday3p@wix.com,Agender,250.131.34.55
135,Harlie,Angier,hangier3q@cafepress.com,Female,254.168.75.160
136,Curt,Barkhouse,cbarkhouse3r@printfriendly.com,Male,129.79.169.105
137,Murdoch,Dwelling,mdwelling3s@state.tx.us,Male,223.64.97.92
138,Sorcha,Whal,swhal3t@uiuc.edu,Female,79.179.128.23
139,Jacky,Mc Dermid,jmcdermid3u@youtube.com,Male,203.158.69.119
140,Alyss,Mowson,amowson3v@multiply.com,Genderfluid,121.249.7.57
141,Val,Gubbin,vgubbin3w@google.ru,Male,200.129.81.140
142,Toiboid,Baccus,tbaccus3x@scientificamerican.com,Male,254.206.67.62
143,Lane,Beat,lbeat3y@ifeng.com,Male,49.236.131.223
144,Marietta,Petrello,mpetrello3z@google.it,Female,80.153.178.6
145,Erda,Searchwell,esearchwell40@networksolutions.com,Female,249.3.170.200
146,Hebert,Huortic,hhuortic41@ebay.co.uk,Male,0.255.145.53
147,Joyous,Klaas,jklaas42@123-reg.co.uk,Bigender,170.182.138.158
148,Dell,Jolly,djolly43@archive.org,Female,137.90.61.62
149,Millard,Molder,mmolder44@lycos.com,Male,12.110.190.249
150,Terencio,Scaice,tscaice45@bing.com,Male,89.73.234.97
151,Melisent,Copeland,mcopeland46@nasa.gov,Non-binary,37.18.14.77
152,Budd,McFetridge,bmcfetridge47@themeforest.net,Male,89.39.17.121
153,Corilla,Roantree,croantree48@moonfruit.com,Female,77.109.138.194
154,Eunice,Grichukhin,egrichukhin49@ca.gov,Female,176.134.253.137
155,Zach,Vella,zvella4a@zimbio.com,Male,183.64.40.47
156,Nike,Lucks,nlucks4b@ft.com,Polygender,126.38.90.233
157,Wadsworth,Eilhertsen,weilhertsen4c@oakley.com,Polygender,201.241.60.42
158,Malvina,Ell,mell4d@boston.com,Female,210.254.27.160
159,Horst,MacAdie,hmacadie4e@soup.io,Male,59.6.183.138
160,Callean,Dorkin,cdorkin4f@jugem.jp,Male,131.19.63.175
161,Keelby,Scopyn,kscopyn4g@newsvine.com,Male,176.194.75.159
162,Maxie,Exell,mexell4h@merriam-webster.com,Male,145.237.14.23
163,Lambert,Pettersen,lpettersen4i@google.de,Male,231.26.31.71
164,Jeanette,Berrygun,jberrygun4j@globo.com,Agender,196.167.177.191
165,Michaella,McHan,mmchan4k@uiuc.edu,Female,63.16.34.169
166,Aurilia,Chellam,achellam4l@mapquest.com,Female,131.40.49.109
167,Hilary,Uridge,huridge4m@soundcloud.com,Female,229.43.146.11
168,Sonnnie,Angel,sangel4n@vkontakte.ru,Female,48.217.150.131
169,Dorelle,Edowes,dedowes4o@imdb.com,Female,133.112.232.58
170,Carce,Monnelly,cmonnelly4p@guardian.co.uk,Genderfluid,33.224.177.190
171,Eimile,MacColl,emaccoll4q@auda.org.au,Female,44.117.23.206
172,Demetria,Mulbery,dmulbery4r@cdbaby.com,Female,28.32.137.247
173,Neil,Huonic,nhuonic4s@wix.com,Male,115.22.154.78
174,Shaun,Kings,skings4t@seesaa.net,Male,70.201.10.39
175,Isabelita,Hallihane,ihallihane4u@washington.edu,Female,234.148.5.191
176,Sydelle,Andreasson,sandreasson4v@mysql.com,Female,56.117.71.157
177,Kirsteni,Gallahar,kgallahar4w@i2i.jp,Female,14.140.160.185
178,Virgie,Gemeau,vgemeau4x@gmpg.org,Female,50.92.181.107
179,Halsey,Murrison,hmurrison4y@economist.com,Genderqueer,163.119.69.179
180,Georgianna,Ingham,gingham4z@bloglines.com,Female,87.195.94.234
181,Hailee,Glendzer,hglendzer50@liveinternet.ru,Female,33.228.67.253
182,Kellsie,Westwick,kwestwick51@auda.org.au,Female,60.76.35.103
183,Pepi,Pinnigar,ppinnigar52@barnesandnoble.com,Female,209.13.133.10
184,Hali,Boscher,hboscher53@toplist.cz,Female,151.3.81.121
185,Jaimie,Parades,jparades54@about.com,Female,198.214.225.9
186,Daisy,Ault,dault55@so-net.ne.jp,Genderfluid,57.155.198.121
187,North,Melanaphy,nmelanaphy56@google.ca,Male,182.190.67.111
188,Marita,Maffini,mmaffini57@taobao.com,Female,130.174.44.207
189,Rafaelia,MacManus,rmacmanus58@mlb.com,Female,250.202.176.118
190,Ezri,Espadas,eespadas59@jigsy.com,Male,22.13.173.244
191,Leonardo,Leeming,lleeming5a@nytimes.com,Male,0.146.204.126
192,Cathyleen,Rheaume,crheaume5b@odnoklassniki.ru,Female,170.238.68.98
193,Adam,Lebreton,alebreton5c@i2i.jp,Male,20.47.190.6
194,Jerry,Lackham,jlackham5d@gov.uk,Male,228.201.41.142
195,Flossy,Painten,fpainten5e@java.com,Genderfluid,120.8.105.95
196,Vasily,Alliott,valliott5f@php.net,Agender,248.49.140.211
197,Sebastian,Huston,shuston5g@imdb.com,Male,31.112.176.214
198,Clerissa,Cowans,ccowans5h@ehow.com,Female,233.36.144.204
199,Selinda,Cord,scord5i@flavors.me,Female,182.229.181.151
200,Padget,Matfin,pmatfin5j@mozilla.com,Male,100.123.50.188
201,Billy,Henrys,bhenrys5k@toplist.cz,Female,227.34.36.83
202,Almire,Orvis,aorvis5l@sciencedirect.com,Female,189.126.183.88
203,Suki,MacKellar,smackellar5m@networkadvertising.org,Non-binary,230.255.21.119
204,Jordanna,Penhaleurack,jpenhaleurack5n@vinaora.com,Female,71.197.98.28
205,Magdalen,Sarsfield,msarsfield5o@cbsnews.com,Female,155.63.120.62
206,Nick,Caddock,ncaddock5p@comsenz.com,Male,53.173.19.55
207,Robbi,Swinglehurst,rswinglehurst5q@soundcloud.com,Female,193.66.163.187
208,Umeko,Annon,uannon5r@123-reg.co.uk,Female,8.96.231.50
209,Conrade,Rigden,crigden5s@java.com,Male,133.99.134.198
210,Beckie,Gerb,bgerb5t@themeforest.net,Female,235.96.128.87
211,Sigismund,Hanham,shanham5u@uol.com.br,Male,182.228.155.130
212,Elga,Ballin,eballin5v@abc.net.au,Female,53.67.127.124
213,Lammond,Rimmington,lrimmington5w@naver.com,Male,246.98.61.20
214,Urbain,Castellanos,ucastellanos5x@de.vu,Male,199.236.115.147
215,Gerhardt,McCole,gmccole5y@msn.com,Male,2.243.168.82
216,Aime,McKibbin,amckibbin5z@netvibes.com,Female,124.83.79.23
217,Joanne,Lighterness,jlighterness60@diigo.com,Female,198.15.38.213
218,Alyse,Pedgrift,apedgrift61@alibaba.com,Female,169.213.143.15
219,Travers,Spafford,tspafford62@freewebs.com,Male,81.126.78.10
220,Chadwick,Jehan,cjehan63@mac.com,Male,187.209.58.185
221,Natala,Lynn,nlynn64@sina.com.cn,Female,211.233.28.178
222,Rollo,Whorton,rwhorton65@sciencedaily.com,Male,94.130.72.133
223,Scotti,Beneix,sbeneix66@dmoz.org,Male,156.50.227.132
224,Rowen,Morehall,rmorehall67@exblog.jp,Male,18.115.216.210
225,Noemi,Orme,norme68@edublogs.org,Female,38.132.252.80
226,Ede,McGowan,emcgowan69@statcounter.com,Female,249.123.170.206
227,Mercedes,Gritland,mgritland6a@twitter.com,Female,79.223.123.59
228,Paule,Spaldin,pspaldin6b@nature.com,Female,141.234.201.109
229,Sharl,Mundell,smundell6c@php.net,Female,117.27.164.41
230,Carter,Aucott,caucott6d@seattletimes.com,Polygender,21.20.251.184
231,Pen,Giottini,pgiottini6e@cbc.ca,Male,3.180.84.190
232,Kiel,Correa,kcorrea6f@acquirethisname.com,Male,230.203.89.137
233,Lucilia,Marrable,lmarrable6g@dion.ne.jp,Female,41.45.107.197
234,Kala,Jorge,kjorge6h@howstuffworks.com,Female,197.172.133.8
235,Tamera,Seden,tseden6i@unicef.org,Female,7.61.183.247
236,Kass,Jeste,kjeste6j@telegraph.co.uk,Female,85.55.177.90
237,Rhett,Bullier,rbullier6k@nba.com,Male,184.103.113.140
238,Cullen,Empleton,cempleton6l@mapy.cz,Male,105.204.113.95
239,Cece,Hubbart,chubbart6m@mapy.cz,Male,70.72.156.35
240,Celene,Hadeke,chadeke6n@flavors.me,Female,247.101.33.235
241,Maryann,McCard,mmccard6o@cdbaby.com,Female,116.1.108.92
242,Paola,Naris,pnaris6p@webs.com,Female,215.37.199.228
243,Brig,Jacklings,bjacklings6q@angelfire.com,Male,199.209.112.108
244,Dacia,Keningley,dkeningley6r@weibo.com,Female,66.199.234.93
245,Morey,Puddan,mpuddan6s@businessinsider.com,Male,88.210.187.11
246,Koral,Felton,kfelton6t@slideshare.net,Female,106.252.206.116
247,Perkin,Copping,pcopping6u@twitter.com,Male,207.135.106.138
248,Shannah,Patemore,spatemore6v@mashable.com,Female,83.141.197.74
249,Jobi,Vollam,jvollam6w@mayoclinic.com,Agender,80.4.35.27
250,Phedra,Danskine,pdanskine6x@nytimes.com,Female,27.214.224.149
251,Henrik,Highton,hhighton6y@technorati.com,Male,72.133.192.140
252,Jewelle,Bolzen,jbolzen6z@bbb.org,Female,57.43.172.17
253,Aguste,Hugonin,ahugonin70@booking.com,Male,148.136.84.251
254,Frayda,Bamling,fbamling71@google.cn,Female,23.74.220.150
255,Ricca,Anderl,randerl72@wisc.edu,Female,52.251.149.241
256,Davidson,Dalgarno,ddalgarno73@wisc.edu,Male,201.111.51.140
257,Dannel,Bunkle,dbunkle74@google.es,Male,39.102.46.114
258,Rhys,Gateman,rgateman75@nsw.gov.au,Male,251.190.21.82
259,Joanna,Boater,jboater76@loc.gov,Female,13.188.75.50
260,Meghann,Sheppard,msheppard77@umich.edu,Female,38.192.86.77
261,Evelin,Sturridge,esturridge78@tumblr.com,Male,161.235.106.156
262,Dyan,Vanyatin,dvanyatin79@google.de,Female,74.246.253.25
263,Codi,Palomba,cpalomba7a@accuweather.com,Male,134.70.177.225
264,Carleton,Shalliker,cshalliker7b@virginia.edu,Male,190.190.92.26
265,Elvyn,Nell,enell7c@telegraph.co.uk,Male,160.217.201.127
266,Othilia,Doughty,odoughty7d@seattletimes.com,Female,152.50.91.54
267,Jeno,Kupisz,jkupisz7e@npr.org,Male,47.198.46.6
268,Maximo,Dimock,mdimock7f@php.net,Male,244.0.248.192
269,Willyt,MacGillicuddy,wmacgillicuddy7g@google.ru,Female,186.226.191.3
270,Rossie,McDougall,rmcdougall7h@cafepress.com,Male,245.97.241.163
271,Emmie,Gregoratti,egregoratti7i@sogou.com,Female,255.100.234.61
272,Darsey,Bakewell,dbakewell7j@nps.gov,Female,206.66.225.181
273,Sheffy,de Lloyd,sdelloyd7k@upenn.edu,Male,57.210.74.95
274,Heddi,Noton,hnoton7l@earthlink.net,Female,131.83.9.251
275,Trenna,Fields,tfields7m@miitbeian.gov.cn,Female,59.126.31.38
276,Jemmy,Lillegard,jlillegard7n@vinaora.com,Female,245.244.149.86
277,Deloria,D'Almeida,ddalmeida7o@tmall.com,Female,251.5.193.120
278,Maddalena,Clarkin,mclarkin7p@auda.org.au,Female,188.166.206.140
279,Alberto,Proudlove,aproudlove7q@tripod.com,Male,188.162.172.234
280,Grange,Bottelstone,gbottelstone7r@merriam-webster.com,Bigender,63.152.161.214
281,Gaye,Frigot,gfrigot7s@msu.edu,Genderfluid,216.33.249.107
282,Jim,Cosgrove,jcosgrove7t@nature.com,Male,78.110.240.217
283,Livvyy,Wickling,lwickling7u@bandcamp.com,Female,105.41.29.254
284,Aldwin,Perotti,aperotti7v@networkadvertising.org,Male,227.179.44.70
285,Udell,Meaders,umeaders7w@photobucket.com,Male,245.163.123.223
286,Carilyn,Brader,cbrader7x@booking.com,Female,56.135.211.73
287,Jo-anne,Lorek,jlorek7y@e-recht24.de,Female,121.200.124.81
288,Jane,Bett,jbett7z@blogspot.com,Female,188.15.23.39
289,Betsy,Ginty,bginty80@oracle.com,Non-binary,253.177.104.249
290,Vidovic,Gorbell,vgorbell81@shinystat.com,Male,136.51.220.7
291,Deane,Egleton,degleton82@webnode.com,Male,81.155.233.3
292,Harvey,Theunissen,htheunissen83@nytimes.com,Male,52.206.32.22
293,Phip,Roeby,proeby84@nasa.gov,Male,154.37.156.163
294,Odella,Asee,oasee85@pcworld.com,Female,60.11.197.136
295,Chicky,Fitt,cfitt86@omniture.com,Male,249.101.224.168
296,Manolo,Zelner,mzelner87@narod.ru,Male,76.2.157.7
297,Jamill,Cudiff,jcudiff88@blogspot.com,Agender,170.42.72.62
298,Harrietta,Ponte,hponte89@eepurl.com,Female,97.125.109.83
299,Tallie,Oxenham,toxenham8a@washingtonpost.com,Male,39.211.7.60
300,Tobias,Harry,tharry8b@nationalgeographic.com,Male,221.84.110.124
301,Roby,Gylle,rgylle8c@vistaprint.com,Female,92.233.23.197
302,Teri,Greschke,tgreschke8d@1und1.de,Female,110.237.95.255
303,Nap,Pfaff,npfaff8e@ow.ly,Male,31.134.123.32
304,Chas,Levett,clevett8f@eventbrite.com,Male,170.228.55.59
305,Levin,Franies,lfranies8g@i2i.jp,Male,150.189.246.72
306,Krysta,Brasier,kbrasier8h@dedecms.com,Female,193.192.149.243
307,Eula,Arnauduc,earnauduc8i@ihg.com,Female,182.121.251.158
308,Bren,Godier,bgodier8j@yandex.ru,Female,167.16.55.240
309,Ximenes,Wanne,xwanne8k@virginia.edu,Male,0.72.140.114
310,Mirella,Jealous,mjealous8l@reverbnation.com,Female,193.147.135.127
311,Patrizius,Reeken,preeken8m@businessweek.com,Male,24.199.53.205
312,Delbert,Eschalotte,deschalotte8n@de.vu,Male,98.145.180.244
313,Rad,Huegett,rhuegett8o@reference.com,Male,9.15.66.202
314,Dyana,Wildish,dwildish8p@usa.gov,Female,154.56.210.236
315,Cally,Klement,cklement8q@wired.com,Female,25.153.101.53
316,Fey,Dowda,fdowda8r@cbsnews.com,Female,118.202.71.38
317,Tiphany,Baccup,tbaccup8s@mapy.cz,Female,127.114.118.148
318,Cayla,Struss,cstruss8t@wsj.com,Female,79.17.2.215
319,Rene,Huggons,rhuggons8u@cocolog-nifty.com,Female,165.123.8.21
320,Deva,Corfield,dcorfield8v@seattletimes.com,Female,83.124.26.62
321,Zandra,Been,zbeen8w@independent.co.uk,Agender,71.79.135.132
322,Emma,Flann,eflann8x@nationalgeographic.com,Female,5.11.134.71
323,Reginald,Yitshak,ryitshak8y@miitbeian.gov.cn,Male,249.116.200.58
324,Bronny,Michael,bmichael8z@quantcast.com,Male,65.236.100.135
325,Laney,Patershall,lpatershall90@cocolog-nifty.com,Male,29.228.118.237
326,Lisette,Gosnay,lgosnay91@buzzfeed.com,Female,34.252.147.201
327,Jeramey,Mansour,jmansour92@narod.ru,Male,234.230.159.47
328,Griff,Ivshin,givshin93@google.com,Male,189.167.145.224
329,Zelda,Daly,zdaly94@nbcnews.com,Female,202.97.62.29
330,Dayle,Buckthorpe,dbuckthorpe95@digg.com,Genderfluid,60.42.90.38
331,Krystle,Volante,kvolante96@latimes.com,Female,197.88.186.70
332,Allix,Medlar,amedlar97@gov.uk,Female,27.147.61.45
333,Abdul,Pidduck,apidduck98@google.com.au,Male,57.86.128.207
334,Jarrett,Leyland,jleyland99@uol.com.br,Male,117.90.239.70
335,Charlean,Sagg,csagg9a@thetimes.co.uk,Non-binary,70.212.190.33
336,Frank,Dorning,fdorning9b@time.com,Bigender,56.118.4.65
337,Jerri,Dedden,jdedden9c@hud.gov,Male,202.101.94.181
338,Lonnie,Temple,ltemple9d@prlog.org,Male,158.244.94.4
339,Louisette,Sinncock,lsinncock9e@reference.com,Female,59.24.33.241
340,Petey,Sahlstrom,psahlstrom9f@nationalgeographic.com,Male,158.199.178.76
341,Guido,Bewsy,gbewsy9g@nyu.edu,Male,179.172.251.97
342,Alix,Dolman,adolman9h@weebly.com,Male,102.38.169.44
343,Othilia,Gowenlock,ogowenlock9i@ucsd.edu,Female,31.214.146.251
344,Jinny,Scarce,jscarce9j@hexun.com,Non-binary,233.64.170.134
345,Myrta,Elcott,melcott9k@sciencedirect.com,Female,142.202.28.80
346,Arlin,Yerrell,ayerrell9l@creativecommons.org,Male,197.206.202.61
347,Madelene,Darwen,mdarwen9m@globo.com,Female,63.120.118.125
348,Shaw,Sprankling,ssprankling9n@mtv.com,Male,53.146.73.246
349,Mitchel,Cockaday,mcockaday9o@taobao.com,Male,97.202.142.147
350,Ania,Lafferty,alafferty9p@lycos.com,Polygender,84.231.9.78
351,Delia,Leddy,dleddy9q@fc2.com,Female,251.7.110.219
352,Katine,MacGillacolm,kmacgillacolm9r@forbes.com,Female,175.189.159.177
353,Morena,McKane,mmckane9s@symantec.com,Female,132.53.179.217
354,Jacklyn,Manby,jmanby9t@squidoo.com,Female,232.228.131.117
355,Marcelia,Thurling,mthurling9u@tumblr.com,Female,119.235.63.250
356,Homerus,Sandall,hsandall9v@wix.com,Male,94.143.210.149
357,Ravid,Edscer,redscer9w@miibeian.gov.cn,Male,9.113.22.64
358,Welch,Antonikov,wantonikov9x@imageshack.us,Male,59.61.17.207
359,Modestine,Beekman,mbeekman9y@springer.com,Female,142.11.157.30
360,Ange,Lighton,alighton9z@is.gd,Female,139.15.177.17
361,Geno,Glasner,gglasnera0@vkontakte.ru,Male,81.13.30.214
362,Gran,Lattos,glattosa1@va.gov,Male,192.51.82.110
363,Lyman,Pischel,lpischela2@yellowbook.com,Male,31.103.158.171
364,Garry,Gravatt,ggravatta3@abc.net.au,Male,230.85.158.169
365,Orin,Kamienski,okamienskia4@sina.com.cn,Male,99.182.254.93
366,Merry,Hardway,mhardwaya5@blogtalkradio.com,Male,125.11.110.169
367,Raf,Orbon,rorbona6@nifty.com,Female,16.195.79.21
368,Vale,Jizhaki,vjizhakia7@tinypic.com,Female,97.30.105.201
369,Nananne,Poter,npotera8@paginegialle.it,Female,246.114.127.127
370,Jacinthe,McKeating,jmckeatinga9@cornell.edu,Female,197.31.13.71
371,Weider,Towsey,wtowseyaa@tamu.edu,Male,2.26.11.171
372,Lucie,Rable,lrableab@berkeley.edu,Female,111.231.98.152
373,Tymothy,Pickering,tpickeringac@geocities.jp,Male,140.144.54.228
374,Bette,Cuniffe,bcuniffead@a8.net,Female,129.45.107.20
375,Wynny,Mohun,wmohunae@4shared.com,Female,30.31.157.104
376,Cahra,Burhill,cburhillaf@mtv.com,Female,152.187.231.134
377,Winni,Timblett,wtimblettag@disqus.com,Female,170.145.120.55
378,Gawen,Grosvener,ggrosvenerah@unicef.org,Male,204.134.125.113
379,Davon,Bracci,dbracciai@omniture.com,Male,65.151.105.26
380,Diena,Clerke,dclerkeaj@google.com.hk,Female,155.29.216.75
381,Gabbie,Jonin,gjoninak@hugedomains.com,Male,250.15.74.178
382,Carolyn,Aidler,caidleral@mit.edu,Female,165.29.225.223
383,Denys,Smeed,dsmeedam@globo.com,Genderqueer,158.199.71.6
384,Osgood,Kinnon,okinnonan@ucla.edu,Male,21.253.140.190
385,Elden,Paulot,epaulotao@foxnews.com,Polygender,30.57.240.63
386,Clyde,Jardein,cjardeinap@usa.gov,Male,59.50.245.57
387,Bondy,Culshaw,bculshawaq@hp.com,Male,224.83.111.14
388,Esdras,Campes,ecampesar@hexun.com,Male,146.22.227.196
389,Tedda,Pirdy,tpirdyas@chronoengine.com,Female,160.131.55.195
390,Malinde,Loutheane,mloutheaneat@is.gd,Female,126.196.88.80
391,Belia,Chilcotte,bchilcotteau@forbes.com,Female,20.72.91.169
392,Maxi,Massen,mmassenav@ebay.com,Female,25.118.3.44
393,Shalom,Gilbee,sgilbeeaw@baidu.com,Male,227.204.144.79
394,Inga,Kinningley,ikinningleyax@wikipedia.org,Female,185.201.80.26
395,Jobina,Pagett,jpagettay@google.ca,Bigender,255.142.105.124
396,Timmy,Bullick,tbullickaz@is.gd,Female,221.79.64.22
397,Ambrosio,Caygill,acaygillb0@posterous.com,Male,72.225.241.180
398,Coral,Ovitts,covittsb1@biglobe.ne.jp,Female,22.112.187.130
399,Angelita,Garr,agarrb2@amazon.co.jp,Female,51.240.147.195
400,Salli,Summergill,ssummergillb3@adobe.com,Non-binary,31.30.46.96
401,Starlin,Stenton,sstentonb4@blogtalkradio.com,Female,30.90.100.71
402,Maurise,Coniam,mconiamb5@dropbox.com,Female,101.116.155.86
403,Ogdan,Iggo,oiggob6@webeden.co.uk,Male,43.241.247.182
404,Dael,Leftridge,dleftridgeb7@independent.co.uk,Female,61.1.23.254
405,Yardley,Alberts,yalbertsb8@google.es,Male,228.202.12.152
406,Mattias,Cavanaugh,mcavanaughb9@xinhuanet.com,Male,192.176.148.26
407,Connie,Allridge,callridgeba@networkadvertising.org,Male,45.69.221.64
408,Jecho,Threader,jthreaderbb@google.ru,Male,111.167.99.142
409,Adelice,Martinovsky,amartinovskybc@webnode.com,Bigender,31.244.94.32
410,Ivy,Loges,ilogesbd@ehow.com,Female,35.50.32.1
411,Kareem,Everleigh,keverleighbe@howstuffworks.com,Bigender,145.125.18.228
412,Gray,Campos,gcamposbf@wunderground.com,Male,180.181.117.208
413,Erick,Basant,ebasantbg@webnode.com,Male,212.229.252.132
414,Kylen,Rawlingson,krawlingsonbh@blogtalkradio.com,Female,28.119.66.226
415,Thorpe,Catterick,tcatterickbi@loc.gov,Male,151.120.196.136
416,Ganny,Mapplethorpe,gmapplethorpebj@reuters.com,Male,241.253.114.69
417,Layton,Poser,lposerbk@yelp.com,Male,203.6.43.26
418,Lowe,Lease,lleasebl@netlog.com,Male,228.171.243.206
419,Ashely,Macquire,amacquirebm@gov.uk,Female,193.97.242.116
420,Jeanne,Murney,jmurneybn@cpanel.net,Female,238.23.73.34
421,Sallee,Rexworthy,srexworthybo@gizmodo.com,Female,57.120.89.145
422,Alic,Shearstone,ashearstonebp@dion.ne.jp,Male,137.222.239.163
423,Archie,Kenningley,akenningleybq@europa.eu,Male,174.246.165.86
424,Matty,Varah,mvarahbr@time.com,Male,205.189.162.157
425,Sheila-kathryn,Dudley,sdudleybs@slideshare.net,Female,131.142.226.144
426,Laney,Stovold,lstovoldbt@joomla.org,Male,232.73.62.221
427,Gwendolin,Lovart,glovartbu@ustream.tv,Female,93.217.68.232
428,Saundra,Bowers,sbowersbv@google.es,Female,28.181.9.1
429,Osbourne,Redsall,oredsallbw@uol.com.br,Male,127.127.123.234
430,Curtis,Rens,crensbx@woothemes.com,Male,14.51.5.27
431,Jayme,Bedboro,jbedboroby@multiply.com,Male,192.254.197.109
432,Aguie,Crookshank,acrookshankbz@sitemeter.com,Male,135.4.108.10
433,Jorey,Churm,jchurmc0@ebay.co.uk,Female,107.180.140.65
434,Nester,Rennenbach,nrennenbachc1@guardian.co.uk,Polygender,40.52.232.99
435,Brandy,Perigoe,bperigoec2@mozilla.org,Male,235.147.189.183
436,Hillary,Bucknill,hbucknillc3@hostgator.com,Male,5.183.186.158
437,Zebadiah,Ainsby,zainsbyc4@statcounter.com,Male,167.3.80.31
438,Marielle,Mattingson,mmattingsonc5@yellowpages.com,Female,63.220.239.9
439,Faydra,Chanders,fchandersc6@state.gov,Female,61.99.249.32
440,Kareem,Haffner,khaffnerc7@sohu.com,Male,99.42.68.87
441,Web,Pury,wpuryc8@diigo.com,Male,13.29.127.208
442,Ardine,Mumberson,amumbersonc9@cnbc.com,Female,167.112.39.6
443,Jaye,FitzGibbon,jfitzgibbonca@vimeo.com,Male,46.185.123.207
444,Pascal,Andrusyak,pandrusyakcb@4shared.com,Male,222.230.180.210
445,Emmie,Shippard,eshippardcc@psu.edu,Female,127.19.150.59
446,Shae,Tagg,staggcd@a8.net,Male,47.129.244.241
447,Lewie,Braunlein,lbraunleince@wordpress.com,Male,227.3.49.78
448,Camella,Goodwell,cgoodwellcf@lycos.com,Female,59.213.249.128
449,Angelico,Pastor,apastorcg@army.mil,Male,58.110.176.67
450,Tabbi,Corrison,tcorrisonch@cmu.edu,Female,158.230.204.128
451,Addia,Hazle,ahazleci@seesaa.net,Female,85.97.40.121
452,Siusan,Ree,sreecj@ocn.ne.jp,Polygender,140.112.127.189
453,Pete,Schrader,pschraderck@wikispaces.com,Agender,252.22.224.161
454,Ki,Finnis,kfinniscl@issuu.com,Female,18.144.30.219
455,Pace,Ullrich,pullrichcm@amazon.co.jp,Male,224.208.210.31
456,Gilbert,Loges,glogescn@people.com.cn,Male,220.95.199.4
457,Georgine,Beckley,gbeckleyco@deliciousdays.com,Female,91.113.191.175
458,Delbert,Frays,dfrayscp@creativecommons.org,Male,62.47.232.38
459,Aldo,Codrington,acodringtoncq@163.com,Male,151.161.224.4
460,Melloney,Roseaman,mroseamancr@adobe.com,Female,173.154.252.74
461,Shellysheldon,Pointon,spointoncs@about.me,Male,237.111.5.153
462,Adora,Rastrick,arastrickct@stumbleupon.com,Female,203.42.195.240
463,Risa,Rimell,rrimellcu@cyberchimps.com,Female,153.215.103.71
464,Godwin,Yakuntsov,gyakuntsovcv@cargocollective.com,Male,41.144.21.199
465,Aile,Vasyutochkin,avasyutochkincw@wiley.com,Female,5.15.235.185
466,Joby,Bickle,jbicklecx@japanpost.jp,Polygender,239.107.226.172
467,Jeanine,Whoolehan,jwhoolehancy@statcounter.com,Female,185.22.181.172
468,Thedric,Cridlan,tcridlancz@geocities.com,Male,83.180.3.180
469,Rosanna,Pietsma,rpietsmad0@wiley.com,Female,18.211.96.163
470,Eugine,McQuaide,emcquaided1@godaddy.com,Female,12.151.18.88
471,Lynette,Arnli,larnlid2@opensource.org,Bigender,11.33.99.124
472,Cesar,Bourges,cbourgesd3@imdb.com,Male,220.51.120.81
473,Waylen,Birtwistle,wbirtwistled4@vimeo.com,Male,16.116.242.138
474,Marin,Rollingson,mrollingsond5@independent.co.uk,Female,252.101.142.22
475,Tammara,Humphery,thumpheryd6@go.com,Female,62.12.239.88
476,Hayes,Glidder,hglidderd7@washington.edu,Male,81.255.64.70
477,Torrey,Studart,tstudartd8@creativecommons.org,Male,222.26.253.98
478,Gertruda,Loker,glokerd9@tripadvisor.com,Female,244.58.152.212
479,Gail,Earlam,gearlamda@nsw.gov.au,Female,187.107.235.38
480,Kalvin,Edscer,kedscerdb@amazon.co.uk,Male,228.5.128.46
481,Codi,McSweeney,cmcsweeneydc@symantec.com,Male,137.4.130.199
482,Willette,Dashkov,wdashkovdd@princeton.edu,Female,238.211.222.213
483,Zuzana,Auguste,zaugustede@yandex.ru,Female,83.226.196.58
484,Vanny,Edmonston,vedmonstondf@google.nl,Female,164.7.170.72
485,Grayce,Kingsman,gkingsmandg@cdc.gov,Female,163.189.191.181
486,Lorain,Lefley,llefleydh@uiuc.edu,Female,85.137.129.71
487,Pietro,Greenalf,pgreenalfdi@unblog.fr,Male,15.14.66.221
488,Dorrie,Lesper,dlesperdj@slashdot.org,Female,0.194.250.81
489,Rebbecca,MacPharlain,rmacpharlaindk@wufoo.com,Female,204.37.64.124
490,Gretchen,Kunkel,gkunkeldl@army.mil,Female,213.84.211.97
491,Raviv,Northgraves,rnorthgravesdm@parallels.com,Male,222.69.178.158
492,Winny,Drabble,wdrabbledn@census.gov,Male,59.126.173.181
493,Lottie,Ida,lidado@senate.gov,Female,17.40.132.231
494,Barrie,Weare,bwearedp@google.com,Female,150.94.156.9
495,Magdaia,Lesor,mlesordq@google.fr,Female,53.73.181.31
496,Shaylah,Veighey,sveigheydr@google.ca,Polygender,102.74.92.24
497,Hedda,Langhor,hlanghords@discovery.com,Genderqueer,31.37.43.71
498,Dewitt,Sandells,dsandellsdt@usatoday.com,Male,202.186.137.59
499,Meghann,Faherty,mfahertydu@wordpress.com,Female,225.170.39.170
500,Bethina,Matveiko,bmatveikodv@reference.com,Female,146.15.39.172
501,Thaine,Rumble,trumbledw@barnesandnoble.com,Male,191.8.147.17
502,Helena,Craigs,hcraigsdx@github.io,Polygender,19.146.161.9
503,Sibilla,Fullbrook,sfullbrookdy@cargocollective.com,Female,79.112.56.53
504,Kassia,Faltskog,kfaltskogdz@usgs.gov,Female,116.82.179.60
505,Bogart,Keuning,bkeuninge0@tripadvisor.com,Male,199.96.160.168
506,Janot,Josey,jjoseye1@wix.com,Female,82.213.28.201
507,Davon,MacFie,dmacfiee2@disqus.com,Non-binary,31.32.117.144
508,Dorothee,Gai,dgaie3@multiply.com,Female,251.83.144.102
509,Rubetta,le Keux,rlekeuxe4@miibeian.gov.cn,Female,133.72.107.176
510,Ellis,Statter,estattere5@mayoclinic.com,Male,83.241.124.96
511,Griffy,Vaneev,gvaneeve6@feedburner.com,Male,83.13.50.47
512,Junie,Parnby,jparnbye7@utexas.edu,Female,5.156.239.31
513,Hadley,Hadaway,hhadawaye8@eventbrite.com,Male,71.21.29.16
514,Marla,Honeyghan,mhoneyghane9@exblog.jp,Female,7.38.45.153
515,Ilysa,Jerson,ijersonea@dedecms.com,Female,188.238.34.19
516,Son,Lorriman,slorrimaneb@state.tx.us,Male,169.77.175.83
517,Sher,Overstreet,soverstreetec@51.la,Female,108.186.44.185
518,Hamel,Gainfort,hgainforted@themeforest.net,Male,58.100.194.20
519,Constantia,Jellings,cjellingsee@biblegateway.com,Female,32.2.226.155
520,Mikey,Thurske,mthurskeef@nsw.gov.au,Male,236.157.239.142
521,Isaac,Mouser,imousereg@epa.gov,Male,236.152.139.61
522,Roley,Iapico,riapicoeh@zdnet.com,Male,246.67.116.142
523,Linet,Gerardeaux,lgerardeauxei@slashdot.org,Female,113.133.155.77
524,Caldwell,Bestwick,cbestwickej@blogtalkradio.com,Male,109.186.63.230
525,Julina,Colyer,jcolyerek@upenn.edu,Female,173.248.218.245
526,Oswald,Cunnell,ocunnellel@ow.ly,Male,28.219.72.149
527,Doris,Ditchfield,dditchfieldem@guardian.co.uk,Female,170.232.245.21
528,Onfre,Celli,ocellien@vk.com,Male,162.65.28.163
529,Berget,Novacek,bnovacekeo@barnesandnoble.com,Female,229.245.92.154
530,Marylynne,Lincke,mlinckeep@amazon.co.jp,Female,152.88.55.126
531,Debee,Ramage,dramageeq@symantec.com,Female,63.210.68.46
532,Corny,Cookman,ccookmaner@sakura.ne.jp,Male,55.136.80.240
533,Benjamen,Chasmor,bchasmores@ft.com,Male,215.178.200.113
534,Jeanette,Zold,jzoldet@sitemeter.com,Female,252.13.232.148
535,Lillian,Hughson,lhughsoneu@usgs.gov,Female,247.195.222.201
536,Merrile,O'Flaherty,moflahertyev@people.com.cn,Female,77.88.123.26
537,Jacky,Ozanne,jozanneew@wp.com,Female,96.200.187.47
538,Hildegarde,Hakewell,hhakewellex@godaddy.com,Female,190.63.79.146
539,Shaina,Grindall,sgrindalley@studiopress.com,Female,251.56.16.236
540,Bella,O'Feeney,bofeeneyez@irs.gov,Female,69.197.62.207
541,Orland,Innerstone,oinnerstonef0@ustream.tv,Male,137.152.150.185
542,Min,Rain,mrainf1@constantcontact.com,Genderfluid,178.148.88.155
543,Ruthanne,Gazzard,rgazzardf2@nba.com,Female,48.143.175.194
544,Benedetto,Mayoral,bmayoralf3@cnbc.com,Male,163.222.153.40
545,Madelina,Broadley,mbroadleyf4@amazon.de,Female,233.229.235.44
546,Donall,Coolican,dcoolicanf5@drupal.org,Male,251.201.8.76
547,Morry,Ginnaly,mginnalyf6@qq.com,Male,123.135.109.51
548,Pooh,Busch,pbuschf7@zimbio.com,Male,225.240.214.63
549,Cirillo,Biscomb,cbiscombf8@aol.com,Male,126.112.101.89
550,Saleem,Dibley,sdibleyf9@nba.com,Male,161.243.20.241
551,Gardiner,Gerrard,ggerrardfa@netscape.com,Male,4.251.120.216
552,Myrwyn,Ivanin,mivaninfb@themeforest.net,Male,126.38.134.121
553,Abbe,Kencott,akencottfc@infoseek.co.jp,Female,145.204.108.255
554,Marjory,Stouther,mstoutherfd@google.ca,Female,198.170.173.44
555,Nichole,Halligan,nhalliganfe@unblog.fr,Female,169.111.65.29
556,Paulie,Benedetti,pbenedettiff@google.pl,Female,226.58.107.142
557,Mattie,Endrighi,mendrighifg@google.cn,Female,252.220.157.31
558,Brock,Sharply,bsharplyfh@berkeley.edu,Male,252.223.47.29
559,Rafael,Scranney,rscranneyfi@whitehouse.gov,Male,121.214.28.105
560,Lorry,Kennealy,lkennealyfj@privacy.gov.au,Male,60.185.241.43
561,Christin,Soots,csootsfk@hao123.com,Female,220.150.161.33
562,Darrel,Boni,dbonifl@imdb.com,Male,114.127.227.64
563,Kory,Bedboro,kbedborofm@storify.com,Male,179.232.47.164
564,Miran,Dondon,mdondonfn@tinyurl.com,Female,139.27.97.12
565,Colleen,Knapper,cknapperfo@wix.com,Female,125.108.8.189
566,Marisa,Muggeridge,mmuggeridgefp@ifeng.com,Agender,218.189.31.3
567,Yuma,Fyers,yfyersfq@businesswire.com,Male,94.154.143.206
568,Anni,Shrive,ashrivefr@hugedomains.com,Female,255.44.254.237
569,Roobbie,Maggiori,rmaggiorifs@hugedomains.com,Female,86.11.192.34
570,Alain,Parham,aparhamft@jigsy.com,Male,145.99.143.210
571,Farly,Churms,fchurmsfu@com.com,Male,64.5.100.23
572,Ruddie,Blincow,rblincowfv@reuters.com,Male,130.97.116.160
573,Malissia,Ansill,mansillfw@squidoo.com,Female,193.169.177.200
574,Victoir,MacMorland,vmacmorlandfx@etsy.com,Male,115.156.91.73
575,Sisely,Lauder,slauderfy@wikimedia.org,Female,69.19.127.90
576,Candace,Sayburn,csayburnfz@flickr.com,Female,101.4.51.20
577,Germaine,Luard,gluardg0@privacy.gov.au,Female,190.158.89.15
578,Amabel,Lacasa,alacasag1@japanpost.jp,Female,180.26.51.43
579,Shurlocke,Dumphries,sdumphriesg2@earthlink.net,Male,96.145.177.128
580,Anna-diane,Henryson,ahenrysong3@miibeian.gov.cn,Female,238.205.195.40
581,Gibby,Heynel,gheynelg4@geocities.jp,Male,148.118.83.214
582,Claresta,Klageman,cklagemang5@chronoengine.com,Female,162.70.135.56
583,Darcy,Dagger,ddaggerg6@examiner.com,Female,26.69.56.88
584,Ursula,Marrion,umarriong7@miitbeian.gov.cn,Female,224.38.51.138
585,Chickie,Heigl,cheiglg8@acquirethisname.com,Female,46.205.210.203
586,Lilias,Salsbury,lsalsburyg9@issuu.com,Female,42.126.137.192
587,Emmalynne,Rozec,erozecga@arizona.edu,Female,241.143.21.108
588,Lorine,Cranstoun,lcranstoungb@paypal.com,Female,32.222.87.62
589,Sayers,Harmon,sharmongc@newyorker.com,Agender,254.78.53.118
590,Jeno,Boylin,jboylingd@skyrock.com,Male,122.216.142.83
591,Alfreda,Annesley,aannesleyge@telegraph.co.uk,Female,198.153.94.49
592,Dud,Dimbylow,ddimbylowgf@purevolume.com,Male,228.87.93.150
593,Diana,Fears,dfearsgg@cyberchimps.com,Female,94.108.1.142
594,Tamara,Anelay,tanelaygh@163.com,Female,178.20.143.218
595,Merrilee,Beardall,mbeardallgi@hc360.com,Agender,214.73.217.97
596,Sisely,Beamont,sbeamontgj@seesaa.net,Female,83.55.227.217
597,Alyssa,Baudassi,abaudassigk@columbia.edu,Female,97.198.169.255
598,Myrvyn,Curnucke,mcurnuckegl@google.nl,Male,11.227.196.150
599,Bing,Bouts,bboutsgm@tmall.com,Male,114.45.54.248
600,Brook,Cluff,bcluffgn@salon.com,Female,127.167.227.224
601,Mill,Avrahamy,mavrahamygo@elpais.com,Male,171.142.240.182
602,Johanna,Riply,jriplygp@reddit.com,Female,105.65.88.86
603,Siobhan,Riba,sribagq@hibu.com,Female,91.167.118.44
604,Leonard,Chitson,lchitsongr@newyorker.com,Male,28.46.127.200
605,Lissa,Canario,lcanariogs@blogtalkradio.com,Bigender,132.211.25.169
606,Leicester,Legerton,llegertongt@canalblog.com,Male,86.158.83.66
607,Babara,Siveyer,bsiveyergu@jugem.jp,Female,50.150.215.10
608,Nefen,Carlett,ncarlettgv@earthlink.net,Male,206.52.244.208
609,Si,Finlayson,sfinlaysongw@arizona.edu,Male,148.217.203.18
610,Hazel,Arran,harrangx@weebly.com,Female,86.71.141.11
611,Duke,Garbott,dgarbottgy@zimbio.com,Genderqueer,80.216.116.107
612,Derick,Robilart,drobilartgz@yellowpages.com,Male,247.53.136.147
613,Ellswerth,Oakinfold,eoakinfoldh0@ovh.net,Male,78.159.117.90
614,Lindy,Posvner,lposvnerh1@tripadvisor.com,Male,247.87.70.11
615,Elvyn,Blaszczyk,eblaszczykh2@newyorker.com,Male,159.41.98.2
616,Caleb,Jezzard,cjezzardh3@cmu.edu,Male,251.122.237.75
617,Jillayne,Alleyne,jalleyneh4@jiathis.com,Genderqueer,218.117.239.103
618,Gherardo,Scolts,gscoltsh5@webmd.com,Male,176.27.207.235
619,Archie,Wasselin,awasselinh6@fc2.com,Male,134.57.33.145
620,Magdaia,Caesar,mcaesarh7@bloomberg.com,Female,233.77.174.185
621,Saunderson,Drain,sdrainh8@infoseek.co.jp,Male,106.219.238.196
622,Siouxie,Fillimore,sfillimoreh9@webs.com,Female,188.247.177.113
623,Timothea,Kerrey,tkerreyha@google.it,Female,168.232.181.97
624,Callida,Riley,crileyhb@alexa.com,Genderfluid,132.86.196.10
625,Maryjo,Simmell,msimmellhc@blogger.com,Female,253.124.102.40
626,Svend,Gable,sgablehd@digg.com,Male,226.198.25.141
627,Olag,Gilbart,ogilbarthe@ca.gov,Male,121.218.80.233
628,Michel,Sallinger,msallingerhf@privacy.gov.au,Male,135.188.40.50
629,Lil,Uccelli,luccellihg@examiner.com,Female,95.248.231.120
630,Tybalt,Espinosa,tespinosahh@un.org,Male,1.140.26.68
631,Glynda,Cholwell,gcholwellhi@baidu.com,Female,10.106.7.22
632,Bili,Scarffe,bscarffehj@tripod.com,Female,193.166.56.75
633,Raul,Macon,rmaconhk@ihg.com,Male,22.216.109.11
634,Brittani,Klempke,bklempkehl@kickstarter.com,Female,25.163.78.83
635,Jenny,Guillot,jguillothm@bloglovin.com,Female,110.226.51.215
636,Lauraine,Chezier,lchezierhn@wikipedia.org,Female,109.36.141.6
637,Nicky,Fogt,nfogtho@wordpress.com,Male,140.133.244.114
638,Vince,Younie,vyouniehp@cloudflare.com,Male,133.167.171.217
639,Marjory,Clohissy,mclohissyhq@umich.edu,Genderqueer,124.143.16.129
640,Kit,Bardill,kbardillhr@clickbank.net,Female,193.15.117.130
641,Jaimie,Hayworth,jhayworthhs@soup.io,Male,128.35.14.8
642,Melamie,O'Mannion,momannionht@paypal.com,Female,223.9.136.178
643,Kimberley,Liven,klivenhu@princeton.edu,Female,54.106.28.88
644,Flynn,Bahlmann,fbahlmannhv@goodreads.com,Male,5.163.158.244
645,Donny,Geeritz,dgeeritzhw@sfgate.com,Female,76.42.148.78
646,Kennan,Beddingham,kbeddinghamhx@yellowbook.com,Male,140.100.124.145
647,Desi,Woolner,dwoolnerhy@springer.com,Male,124.186.57.96
648,Gerrie,Jills,gjillshz@wikimedia.org,Female,15.98.189.79
649,Jozef,Grinikhinov,jgrinikhinovi0@wiley.com,Male,93.93.69.63
650,Ladonna,Duiguid,lduiguidi1@printfriendly.com,Female,44.173.9.248
651,Cristian,Rigts,crigtsi2@bizjournals.com,Male,109.216.211.63
652,Celinka,Dell 'Orto,cdellortoi3@etsy.com,Female,152.201.29.149
653,Forrester,Lochead,flocheadi4@arizona.edu,Male,206.199.30.25
654,Saree,Kentwell,skentwelli5@zimbio.com,Female,208.103.73.86
655,Flory,Janiak,fjaniaki6@ted.com,Male,209.25.42.50
656,Ema,Yuill,eyuilli7@amazon.com,Female,67.28.98.235
657,Bernardo,Kunert,bkunerti8@eepurl.com,Male,237.103.186.175
658,Alvera,Woolacott,awoolacotti9@over-blog.com,Female,215.113.147.79
659,Marven,Haslum,mhaslumia@un.org,Male,208.164.252.182
660,Rorke,Yarker,ryarkerib@51.la,Male,219.130.40.22
661,Jacquie,Pointon,jpointonic@about.com,Female,173.211.131.238
662,Liam,Trundler,ltrundlerid@is.gd,Male,36.113.234.122
663,Rae,Verchambre,rverchambreie@cornell.edu,Female,120.173.55.32
664,Derward,Klulik,dklulikif@wsj.com,Male,138.218.94.56
665,Stu,Epperson,seppersonig@bloomberg.com,Male,174.178.137.0
666,Neils,Gillard,ngillardih@gravatar.com,Male,128.100.112.251
667,Janella,Winterflood,jwinterfloodii@paypal.com,Female,143.224.220.255
668,Ruthi,Tabord,rtabordij@hubpages.com,Female,148.194.124.105
669,Dorena,Hylden,dhyldenik@google.es,Female,61.213.112.66
670,Robena,Dalliston,rdallistonil@tumblr.com,Female,237.201.175.15
671,Mycah,Duff,mduffim@utexas.edu,Genderqueer,121.153.218.166
672,Craggy,Daughtrey,cdaughtreyin@com.com,Male,127.230.197.115
673,Shae,Gaynor,sgaynorio@usatoday.com,Male,252.210.79.236
674,Zachery,D'Alessio,zdalessioip@tripod.com,Male,49.148.233.52
675,Doralyn,Tzuker,dtzukeriq@zimbio.com,Female,180.54.207.204
676,Winona,Plaice,wplaiceir@gravatar.com,Agender,40.15.45.161
677,Lucias,Rothera,lrotherais@yandex.ru,Male,85.209.44.179
678,Barri,Boeter,bboeterit@wordpress.org,Male,39.216.195.4
679,Ari,Beinke,abeinkeiu@dion.ne.jp,Male,133.31.254.21
680,Law,Moreno,lmorenoiv@ocn.ne.jp,Male,44.20.149.186
681,Moyna,Skpsey,mskpseyiw@yahoo.co.jp,Female,120.20.69.70
682,Lucina,Robertis,lrobertisix@unicef.org,Bigender,167.2.250.120
683,Annora,Litel,aliteliy@netvibes.com,Female,219.0.251.60
684,Ed,Trodd,etroddiz@behance.net,Male,204.132.105.167
685,Nahum,Melendez,nmelendezj0@unc.edu,Male,254.219.14.30
686,Celisse,Andrick,candrickj1@cloudflare.com,Female,218.208.240.219
687,Siusan,Rubberts,srubbertsj2@miibeian.gov.cn,Female,167.15.77.14
688,Alastair,Zoane,azoanej3@newsvine.com,Male,30.140.146.108
689,Billy,Lesslie,blessliej4@acquirethisname.com,Male,15.219.68.197
690,Helen-elizabeth,Phelp,hphelpj5@bloglovin.com,Female,19.195.72.130
691,Clea,Clee,ccleej6@dell.com,Female,160.12.114.93
692,Gerta,Dunnett,gdunnettj7@cnbc.com,Female,122.29.133.200
693,Thurston,Hulland,thullandj8@cnn.com,Male,224.183.103.3
694,Crosby,Huntington,chuntingtonj9@list-manage.com,Male,117.182.77.84
695,Joyan,Alexandersson,jalexanderssonja@blog.com,Female,190.200.0.200
696,Jessie,Littlejohn,jlittlejohnjb@intel.com,Female,66.13.123.183
697,Andy,Domenc,adomencjc@cam.ac.uk,Female,68.116.87.231
698,Bernadine,Dallander,bdallanderjd@163.com,Female,246.6.66.178
699,Darelle,Raven,dravenje@imdb.com,Female,117.64.40.44
700,Stephi,Cumesky,scumeskyjf@marriott.com,Female,247.61.37.190
701,Nettie,DelaField,ndelafieldjg@sitemeter.com,Female,145.134.111.225
702,Tyrone,Leonarde,tleonardejh@pagesperso-orange.fr,Male,133.234.22.83
703,Alvy,Pressey,apresseyji@engadget.com,Male,235.69.102.125
704,Josefa,Shand,jshandjj@ucsd.edu,Female,87.111.155.87
705,Normand,Sarney,nsarneyjk@delicious.com,Male,229.205.49.94
706,Anica,Milverton,amilvertonjl@biblegateway.com,Female,111.210.198.148
707,Valeria,Causley,vcausleyjm@wsj.com,Female,93.217.158.25
708,Dev,Donizeau,ddonizeaujn@cpanel.net,Male,117.154.48.108
709,Jecho,Huckabe,jhuckabejo@wordpress.org,Male,197.132.115.0
710,Linea,Shorie,lshoriejp@acquirethisname.com,Female,57.247.209.49
711,Oriana,Fludder,ofludderjq@jigsy.com,Female,139.79.156.171
712,Millisent,Beal,mbealjr@google.co.uk,Female,148.40.67.188
713,Thayne,Crennan,tcrennanjs@uol.com.br,Male,166.124.215.61
714,Monro,Sancias,msanciasjt@furl.net,Male,68.157.105.250
715,Merna,Gianotti,mgianottiju@gizmodo.com,Female,120.121.30.163
716,Samaria,Benbow,sbenbowjv@people.com.cn,Female,142.235.144.86
717,Jake,Barwise,jbarwisejw@oaic.gov.au,Male,9.14.82.7
718,Irving,Ritmeier,iritmeierjx@answers.com,Male,26.91.71.141
719,Don,Brettor,dbrettorjy@ehow.com,Male,206.39.83.4
720,Marsiella,Sandells,msandellsjz@vistaprint.com,Genderqueer,21.113.32.147
721,Ludovico,Briggs,lbriggsk0@trellian.com,Male,18.210.10.103
722,Ekaterina,Grills,egrillsk1@ning.com,Female,10.192.177.242
723,Dita,Gosalvez,dgosalvezk2@ftc.gov,Female,22.30.242.108
724,Fairfax,Reveland,frevelandk3@cargocollective.com,Male,140.24.69.141
725,Cort,Arling,carlingk4@howstuffworks.com,Male,227.139.255.16
726,Lindi,Farris,lfarrisk5@smh.com.au,Female,114.251.242.229
727,Wilton,Cowderay,wcowderayk6@xrea.com,Male,229.76.206.174
728,Lilias,Baack,lbaackk7@chronoengine.com,Female,138.95.214.113
729,Amos,Yo,ayok8@nba.com,Male,3.126.93.118
730,Antin,Blew,ablewk9@europa.eu,Male,172.240.12.126
731,Shell,Kohneke,skohnekeka@narod.ru,Female,121.4.114.13
732,Sigismundo,Gerler,sgerlerkb@vk.com,Male,3.132.32.120
733,Rebeca,Saint,rsaintkc@desdev.cn,Female,41.202.23.103
734,Patten,Wratten,pwrattenkd@aboutads.info,Male,183.126.150.172
735,Vivianne,Dumberell,vdumberellke@pcworld.com,Female,109.100.139.162
736,Jodi,Yuryaev,jyuryaevkf@tinyurl.com,Male,92.194.198.254
737,Tabbatha,Heaker,theakerkg@scribd.com,Bigender,141.225.178.122
738,Nikolas,Swanger,nswangerkh@amazon.co.uk,Male,35.171.131.238
739,Hakeem,Padginton,hpadgintonki@artisteer.com,Male,178.121.35.102
740,Raynell,Marcos,rmarcoskj@canalblog.com,Genderqueer,100.140.105.98
741,Gennie,Ebbotts,gebbottskk@hc360.com,Female,67.185.252.99
742,Bethanne,McMakin,bmcmakinkl@netvibes.com,Female,3.108.4.18
743,Raychel,Kleinber,rkleinberkm@surveymonkey.com,Female,1.59.244.122
744,Rudy,Bartos,rbartoskn@ocn.ne.jp,Male,18.218.191.207
745,Querida,Archbold,qarchboldko@delicious.com,Female,79.221.126.213
746,Lawry,Ocklin,locklinkp@webnode.com,Male,206.55.107.82
747,Skylar,Petigrew,spetigrewkq@wordpress.org,Male,117.171.151.82
748,Denice,Balkwill,dbalkwillkr@alibaba.com,Female,9.162.31.159
749,Sidnee,Dixson,sdixsonks@irs.gov,Male,98.51.121.219
750,Elenore,Waterstone,ewaterstonekt@csmonitor.com,Female,11.91.87.12
751,Mirella,Dyett,mdyettku@xrea.com,Female,158.177.138.51
752,Rawley,Zack,rzackkv@salon.com,Male,97.19.50.85
753,Boigie,Carass,bcarasskw@de.vu,Male,117.253.164.12
754,Hortensia,Ballaam,hballaamkx@blinklist.com,Female,37.31.118.108
755,Frazer,Shakesbye,fshakesbyeky@fema.gov,Male,80.169.121.52
756,Jo-anne,Kaminski,jkaminskikz@godaddy.com,Female,59.209.224.124
757,Maryjo,Woodson,mwoodsonl0@ow.ly,Genderqueer,255.22.93.250
758,Joya,Kinson,jkinsonl1@gov.uk,Non-binary,153.39.4.139
759,Rogerio,Fullwood,rfullwoodl2@msn.com,Male,255.17.21.98
760,Teodora,Vaz,tvazl3@cocolog-nifty.com,Female,218.61.221.76
761,Armin,Taillant,ataillantl4@youtu.be,Male,128.233.113.140
762,Rance,Oxenbury,roxenburyl5@bing.com,Male,243.235.148.222
763,Koenraad,Dyzart,kdyzartl6@constantcontact.com,Male,168.241.100.19
764,Neal,Rickard,nrickardl7@phoca.cz,Male,211.85.36.178
765,Pearl,Ivannikov,pivannikovl8@sciencedirect.com,Female,48.236.246.146
766,Rod,Shall,rshalll9@dot.gov,Male,220.189.255.127
767,Clarance,Mabon,cmabonla@vimeo.com,Male,157.69.237.97
768,Romain,Wraighte,rwraightelb@51.la,Male,117.245.1.189
769,Henrie,Sambrok,hsambroklc@yale.edu,Female,51.51.65.127
770,Cybill,Grinyer,cgrinyerld@cisco.com,Female,160.157.209.195
771,Kaleb,Theze,kthezele@devhub.com,Male,49.196.183.23
772,Cozmo,Stanworth,cstanworthlf@businesswire.com,Male,206.94.243.92
773,David,Gon,dgonlg@github.io,Male,228.59.19.79
774,Jacquelynn,Stanworth,jstanworthlh@smh.com.au,Female,230.99.200.129
775,Donnell,Martinat,dmartinatli@webmd.com,Male,85.43.242.62
776,Margalo,Pulbrook,mpulbrooklj@disqus.com,Female,172.166.97.207
777,Mandy,Emlin,memlinlk@merriam-webster.com,Female,182.213.194.243
778,Lauri,Pymar,lpymarll@altervista.org,Female,76.22.60.59
779,Carlie,Roebuck,croebucklm@businessweek.com,Female,203.117.20.55
780,Sandy,Campbell-Dunlop,scampbelldunlopln@google.com,Female,2.254.61.78
781,Farand,Simoncini,fsimoncinilo@gizmodo.com,Female,42.1.22.93
782,Atlante,Woonton,awoontonlp@washington.edu,Bigender,240.218.17.132
783,Wallis,Blasli,wblaslilq@trellian.com,Female,176.202.153.105
784,Lionel,Pawlowicz,lpawlowiczlr@jigsy.com,Non-binary,201.118.8.182
785,Powell,Tethacot,ptethacotls@diigo.com,Male,141.0.244.229
786,Lisha,deKnevet,ldeknevetlt@flavors.me,Female,6.125.66.148
787,Myrna,Pallister,mpallisterlu@g.co,Female,192.17.95.114
788,Ferrel,Botte,fbottelv@independent.co.uk,Male,89.243.250.73
789,Dayle,Ascraft,dascraftlw@marketwatch.com,Female,175.201.167.214
790,Marieann,Hartnup,mhartnuplx@biblegateway.com,Female,199.148.17.172
791,Jorge,Groocock,jgroocockly@go.com,Male,91.25.57.233
792,Swen,Lavelle,slavellelz@cdc.gov,Male,48.249.249.48
793,Rayner,Andrzej,randrzejm0@marriott.com,Genderfluid,160.101.199.156
794,Coop,Scudder,cscudderm1@squarespace.com,Male,72.166.22.106
795,Silvain,Rizzetti,srizzettim2@redcross.org,Male,187.252.218.34
796,Inessa,Wintle,iwintlem3@imageshack.us,Female,86.208.189.187
797,Shana,Nannini,snanninim4@drupal.org,Female,23.205.86.33
798,Ainsley,Zollner,azollnerm5@about.me,Female,220.195.165.87
799,Harwilll,Jaffra,hjaffram6@gizmodo.com,Male,172.100.70.139
800,Virgie,Cardiff,vcardiffm7@globo.com,Male,222.26.190.144
801,Yurik,Lackney,ylackneym8@google.nl,Male,125.214.235.228
802,Nikkie,Rochester,nrochesterm9@cafepress.com,Female,17.166.136.232
803,Helyn,Clingan,hclinganma@ft.com,Female,204.133.154.197
804,Bayard,Bloxland,bbloxlandmb@gravatar.com,Male,107.231.250.209
805,Woodrow,D'Abbot-Doyle,wdabbotdoylemc@thetimes.co.uk,Male,222.60.57.81
806,Marti,Dudill,mdudillmd@huffingtonpost.com,Female,72.22.41.216
807,Quinta,Saffran,qsaffranme@narod.ru,Female,246.224.174.222
808,Ailey,Andrewartha,aandrewarthamf@twitpic.com,Genderqueer,45.39.160.185
809,Theodosia,Sherar,tsherarmg@apple.com,Female,40.183.74.193
810,Broderic,Rudman,brudmanmh@who.int,Male,131.39.160.101
811,Gifford,Delnevo,gdelnevomi@gov.uk,Male,253.252.80.47
812,Yolane,Welbrock,ywelbrockmj@tripadvisor.com,Female,110.112.92.131
813,Kalina,Benoey,kbenoeymk@hud.gov,Female,106.57.81.98
814,Lydie,Titt,ltittml@miitbeian.gov.cn,Female,211.48.14.247
815,Delmor,Littledike,dlittledikemm@mysql.com,Male,220.219.37.60
816,Cathy,Balcon,cbalconmn@hexun.com,Female,36.212.253.62
817,Bernette,Lindwasser,blindwassermo@sogou.com,Female,60.84.227.66
818,Idaline,Brilleman,ibrillemanmp@domainmarket.com,Genderqueer,26.49.70.79
819,Ives,Cowdery,icowderymq@rambler.ru,Male,67.47.216.83
820,Hermann,Ledington,hledingtonmr@cnbc.com,Male,184.4.228.125
821,Locke,Rayburn,lrayburnms@fotki.com,Male,138.220.34.185
822,Brigg,Barrick,bbarrickmt@mail.ru,Male,198.201.193.241
823,Shel,McKeggie,smckeggiemu@bigcartel.com,Female,214.187.22.169
824,Felicia,Inglesant,finglesantmv@tinyurl.com,Female,105.45.145.161
825,Gilberta,Westell,gwestellmw@cnn.com,Female,16.175.71.1
826,Sascha,Laver,slavermx@1688.com,Male,190.149.25.109
827,Pris,Elsdon,pelsdonmy@dropbox.com,Female,215.137.18.90
828,Bank,Furphy,bfurphymz@wikispaces.com,Male,208.119.78.230
829,Madelle,Fewster,mfewstern0@dagondesign.com,Female,97.128.118.173
830,Rich,Mulcahy,rmulcahyn1@bloglovin.com,Genderfluid,8.0.116.202
831,Kirby,Rickell,krickelln2@vinaora.com,Male,190.115.51.248
832,Patten,Stare,pstaren3@google.pl,Male,122.30.126.251
833,Elbertina,Dando,edandon4@mlb.com,Female,236.231.111.20
834,Isis,Yeldon,iyeldonn5@boston.com,Female,165.100.173.1
835,Pollyanna,Depka,pdepkan6@example.com,Female,153.73.95.95
836,Donielle,Bayliss,dbaylissn7@mtv.com,Female,156.2.16.11
837,Mattheus,Carn,mcarnn8@themeforest.net,Male,166.178.104.216
838,Kippar,Westmoreland,kwestmorelandn9@about.me,Male,124.81.221.120
839,Aymer,Geillier,ageillierna@diigo.com,Male,57.84.193.135
840,Briana,Bouller,bboullernb@4shared.com,Female,235.59.236.212
841,Babs,Sandbatch,bsandbatchnc@state.tx.us,Female,149.178.112.57
842,Olav,Giorgeschi,ogiorgeschind@com.com,Male,92.123.227.211
843,Cart,Venney,cvenneyne@zdnet.com,Male,82.82.167.225
844,Tilly,Posselwhite,tposselwhitenf@ucla.edu,Female,91.234.137.14
845,Evangelina,Anders,eandersng@dagondesign.com,Female,60.220.236.217
846,Purcell,MacKimm,pmackimmnh@cdbaby.com,Male,123.197.8.151
847,Charmaine,Bakhrushkin,cbakhrushkinni@gmpg.org,Female,208.127.4.41
848,Bald,Klaiser,bklaisernj@unesco.org,Male,97.98.154.12
849,Burnard,Hulett,bhulettnk@soundcloud.com,Male,128.102.148.83
850,Arluene,Derrell,aderrellnl@macromedia.com,Female,114.211.21.41
851,Agretha,McCathy,amccathynm@uol.com.br,Female,163.227.168.196
852,Blithe,Jolley,bjolleynn@thetimes.co.uk,Female,194.126.172.30
853,Binnie,Aykroyd,baykroydno@unicef.org,Female,69.177.15.192
854,Micheil,Brashaw,mbrashawnp@smugmug.com,Male,58.247.122.22
855,Merwyn,Cowlin,mcowlinnq@rambler.ru,Male,208.160.107.94
856,Leigh,Lowell,llowellnr@g.co,Male,134.2.166.90
857,Katrinka,Episcopi,kepiscopins@ycombinator.com,Female,125.115.105.176
858,Vivi,Nicholls,vnichollsnt@weebly.com,Female,102.217.89.51
859,Timothea,Schulter,tschulternu@issuu.com,Female,70.76.100.223
860,Tammi,Bullen,tbullennv@un.org,Female,183.241.148.130
861,Kore,Iwaszkiewicz,kiwaszkiewicznw@addtoany.com,Female,27.189.152.246
862,Clement,Donner,cdonnernx@jalbum.net,Male,35.246.86.54
863,Putnem,O' Kelleher,pokelleherny@live.com,Male,120.60.30.95
864,Zebadiah,Porcas,zporcasnz@odnoklassniki.ru,Male,230.182.72.253
865,Inglis,Dust,idusto0@bbb.org,Genderqueer,40.136.35.120
866,Harper,Ramet,hrameto1@google.com.au,Agender,127.90.186.250
867,Byrle,Coorington,bcooringtono2@wikimedia.org,Male,49.118.121.59
868,Camel,Bowmer,cbowmero3@blog.com,Female,144.204.13.51
869,Concordia,Wormell,cwormello4@princeton.edu,Female,24.33.200.124
870,Shell,Olliar,solliaro5@lulu.com,Male,171.111.232.32
871,Ambur,Hepher,ahephero6@dot.gov,Female,201.65.42.15
872,Abramo,Ambrosio,aambrosioo7@jigsy.com,Male,225.233.244.222
873,Edithe,Giamitti,egiamittio8@xing.com,Female,34.250.125.205
874,Maire,Garroway,mgarrowayo9@yale.edu,Female,2.62.197.210
875,Marci,Lissenden,mlissendenoa@bbc.co.uk,Female,6.85.0.47
876,Heath,Blankau,hblankauob@gnu.org,Male,241.90.141.16
877,Cord,Redwing,credwingoc@hugedomains.com,Male,110.197.249.236
878,Gwynne,Folkes,gfolkesod@addtoany.com,Female,100.22.225.57
879,Brandice,Allard,ballardoe@ucoz.com,Female,27.203.185.224
880,Lindsay,Antonich,lantonichof@soundcloud.com,Male,187.100.246.138
881,Munmro,Becks,mbecksog@theatlantic.com,Male,250.20.145.57
882,Nancee,Goodlatt,ngoodlattoh@ovh.net,Female,255.223.228.210
883,Cheryl,de Courcy,cdecourcyoi@state.tx.us,Genderfluid,238.115.27.154
884,Stephenie,Baskerfield,sbaskerfieldoj@businessinsider.com,Female,152.20.230.79
885,Selig,Swaby,sswabyok@washingtonpost.com,Male,98.193.117.41
886,Millard,Comini,mcominiol@mediafire.com,Male,253.142.39.197
887,Adolph,Louch,alouchom@clickbank.net,Male,82.111.187.194
888,Gustave,Lembcke,glembckeon@dot.gov,Male,155.93.189.79
889,Vernen,Eagleton,veagletonoo@g.co,Male,167.19.44.58
890,Dare,McQuarrie,dmcquarrieop@google.ru,Male,173.114.236.125
891,Hercule,McRitchie,hmcritchieoq@gov.uk,Male,35.204.68.131
892,Buck,Messer,bmesseror@dailymotion.com,Male,80.24.6.12
893,Yvor,Lewendon,ylewendonos@mayoclinic.com,Male,44.119.131.0
894,Merrili,Musgrove,mmusgroveot@goo.ne.jp,Female,225.25.175.114
895,Pearce,Normanton,pnormantonou@g.co,Male,49.27.101.224
896,Sascha,Comport,scomportov@miitbeian.gov.cn,Female,240.30.243.202
897,Saunderson,Tenney,stenneyow@clickbank.net,Male,80.211.156.249
898,Granger,Dudin,gdudinox@cbslocal.com,Male,18.230.121.172
899,Minnaminnie,Rozet,mrozetoy@timesonline.co.uk,Genderqueer,161.216.145.56
900,Geraldine,Deener,gdeeneroz@cnet.com,Female,130.227.0.229
901,Waylan,Murname,wmurnamep0@ed.gov,Male,15.14.5.189
902,Linnie,Sympson,lsympsonp1@gravatar.com,Female,180.76.81.133
903,Blinni,Samett,bsamettp2@google.ru,Female,226.76.147.146
904,Neal,Gurner,ngurnerp3@nsw.gov.au,Male,171.176.134.64
905,Bili,Barlow,bbarlowp4@live.com,Female,223.66.116.74
906,Demetre,Londing,dlondingp5@mysql.com,Male,89.159.98.198
907,Michaella,Hattersley,mhattersleyp6@odnoklassniki.ru,Female,198.73.99.109
908,Oliy,Laborda,olabordap7@hc360.com,Female,8.19.41.2
909,Wald,De Giorgio,wdegiorgiop8@jiathis.com,Male,106.179.230.9
910,Carolin,Krook,ckrookp9@yellowbook.com,Female,9.238.138.230
911,Uriah,Locks,ulockspa@si.edu,Male,8.220.134.39
912,Alikee,Ygo,aygopb@deviantart.com,Female,152.108.14.66
913,Benoite,Chin,bchinpc@google.com,Female,163.40.67.26
914,Rollie,Wrennall,rwrennallpd@wikipedia.org,Male,97.168.58.94
915,Bettine,Boast,bboastpe@qq.com,Female,184.94.165.61
916,Charissa,Salsberg,csalsbergpf@senate.gov,Female,21.51.197.203
917,Hewitt,Malbon,hmalbonpg@mapquest.com,Male,106.230.89.165
918,Giff,Metcalfe,gmetcalfeph@surveymonkey.com,Male,37.242.243.162
919,Dee,Bussen,dbussenpi@symantec.com,Female,187.189.63.36
920,Samuel,Gambell,sgambellpj@opera.com,Male,3.250.27.57
921,Costanza,Camell,ccamellpk@about.com,Female,177.6.23.76
922,Joachim,Lyfield,jlyfieldpl@accuweather.com,Male,152.186.138.165
923,Pippa,Gorner,pgornerpm@mapy.cz,Female,10.222.188.25
924,Sybil,Boake,sboakepn@miitbeian.gov.cn,Female,195.114.162.231
925,Paloma,Risely,priselypo@si.edu,Female,101.161.123.38
926,Cristiano,Duhig,cduhigpp@blogtalkradio.com,Male,159.224.128.25
927,Donal,House,dhousepq@typepad.com,Agender,39.206.146.82
928,Coriss,Skillitt,cskillittpr@gnu.org,Female,228.60.197.2
929,Flossie,Atwool,fatwoolps@ustream.tv,Female,95.165.173.98
930,Tremaine,Alyukin,talyukinpt@sina.com.cn,Genderqueer,148.236.24.168
931,Kayla,Gerrell,kgerrellpu@google.com.hk,Female,223.202.125.104
932,Michaeline,Hurles,mhurlespv@forbes.com,Female,150.228.244.211
933,Todd,Rentelll,trentelllpw@mysql.com,Male,199.31.93.234
934,Saidee,Blew,sblewpx@edublogs.org,Female,221.48.175.77
935,Ephrem,Presnell,epresnellpy@myspace.com,Male,166.209.179.253
936,Olia,Mundle,omundlepz@ifeng.com,Genderqueer,29.202.136.0
937,Gayelord,Tebbut,gtebbutq0@economist.com,Male,19.185.197.36
938,Marketa,Antyshev,mantyshevq1@fda.gov,Female,28.52.106.138
939,Gustaf,Twiddy,gtwiddyq2@unblog.fr,Polygender,238.234.232.32
940,Laryssa,McCusker,lmccuskerq3@vk.com,Female,206.228.222.213
941,Paulette,Lycett,plycettq4@angelfire.com,Genderqueer,117.166.117.132
942,Lorne,Pillington,lpillingtonq5@reuters.com,Non-binary,94.39.62.79
943,Eldridge,Sallenger,esallengerq6@moonfruit.com,Male,177.17.211.144
944,Page,Hess,phessq7@ask.com,Male,42.98.118.196
945,Wendell,Bestwerthick,wbestwerthickq8@seattletimes.com,Male,79.133.87.56
946,Evangelia,Greydon,egreydonq9@reddit.com,Female,155.35.87.119
947,Jammal,Halladey,jhalladeyqa@cafepress.com,Male,95.21.134.79
948,Vale,Lecky,vleckyqb@senate.gov,Female,70.26.183.96
949,Marya,Burles,mburlesqc@bbc.co.uk,Female,68.44.177.215
950,Tessie,Johanchon,tjohanchonqd@dedecms.com,Female,49.243.15.210
951,Corenda,Snaddin,csnaddinqe@jimdo.com,Agender,141.225.115.29
952,Puff,Dutnall,pdutnallqf@blinklist.com,Male,62.117.98.202
953,Sibbie,Cocksedge,scocksedgeqg@freewebs.com,Female,11.68.14.151
954,Lucina,MacCrann,lmaccrannqh@smugmug.com,Female,1.86.34.29
955,Bibbie,Haddy,bhaddyqi@squidoo.com,Female,174.119.80.92
956,Cathryn,Skip,cskipqj@bbb.org,Female,252.252.242.154
957,Christina,Fellibrand,cfellibrandqk@telegraph.co.uk,Female,227.209.48.87
958,Daloris,Dungay,ddungayql@elegantthemes.com,Female,88.93.232.74
959,Madelyn,Weepers,mweepersqm@cornell.edu,Female,43.176.46.137
960,Maris,Tine,mtineqn@soup.io,Female,111.73.63.17
961,Rhett,Kinchlea,rkinchleaqo@devhub.com,Male,183.233.81.191
962,Celestyn,Loving,clovingqp@ed.gov,Female,145.117.228.118
963,Rustin,Mewis,rmewisqq@so-net.ne.jp,Male,52.40.211.180
964,Davidson,Demkowicz,ddemkowiczqr@sfgate.com,Male,170.42.34.143
965,Lorilee,Exer,lexerqs@telegraph.co.uk,Female,195.228.160.43
966,Abey,Heart,aheartqt@nytimes.com,Male,185.195.65.69
967,Korney,Angric,kangricqu@gmpg.org,Female,151.117.20.132
968,Gabi,Lamke,glamkeqv@vistaprint.com,Female,3.253.105.24
969,Reynard,Dugmore,rdugmoreqw@altervista.org,Male,240.203.201.33
970,Nicolas,Ellams,nellamsqx@foxnews.com,Male,230.16.187.73
971,Bennie,Gommes,bgommesqy@squidoo.com,Female,188.166.28.167
972,Oriana,Elias,oeliasqz@liveinternet.ru,Female,88.211.26.236
973,Jessalyn,Skitch,jskitchr0@rediff.com,Female,214.232.155.145
974,Marcel,Gravenor,mgravenorr1@dmoz.org,Male,67.15.238.61
975,Konrad,Fargher,kfargherr2@wsj.com,Male,83.199.185.104
976,Blanche,Gude,bguder3@a8.net,Female,203.201.106.81
977,Teador,Imlaw,timlawr4@ameblo.jp,Male,128.236.8.104
978,Margarette,Hatherleigh,mhatherleighr5@sciencedirect.com,Female,189.141.138.74
979,Rhodie,Tinman,rtinmanr6@nba.com,Non-binary,50.246.1.94
980,Rosabelle,Darycott,rdarycottr7@aboutads.info,Female,235.148.103.58
981,Randene,Bladon,rbladonr8@merriam-webster.com,Female,232.76.124.49
982,Linda,Dysert,ldysertr9@diigo.com,Female,65.93.154.75
983,Packston,Mackness,pmacknessra@goo.gl,Male,196.162.110.127
984,Isaiah,Storre,istorrerb@usa.gov,Male,239.231.221.27
985,Jessa,Tallow,jtallowrc@yale.edu,Bigender,187.175.17.0
986,Hayden,Domanski,hdomanskird@g.co,Male,224.121.102.54
987,Marylou,Nolder,mnolderre@hibu.com,Female,146.35.140.150
988,Jessie,Trayte,jtrayterf@flavors.me,Female,175.88.172.0
989,Lesly,Simonds,lsimondsrg@businessweek.com,Female,39.248.244.236
990,Thaddeus,Eisold,teisoldrh@about.me,Male,120.230.55.118
991,Morgen,Duligall,mduligallri@zimbio.com,Female,33.106.44.36
992,Lynda,Fifoot,lfifootrj@tmall.com,Polygender,27.50.10.154
993,Dora,Loding,dlodingrk@java.com,Female,47.106.41.86
994,Kelila,Pattingson,kpattingsonrl@foxnews.com,Female,8.174.34.43
995,Jeannine,Stollhofer,jstollhoferrm@sciencedirect.com,Bigender,2.26.255.254
996,Nataniel,Bortolozzi,nbortolozzirn@blinklist.com,Male,164.31.2.234
997,Douglas,Doumerque,ddoumerquero@joomla.org,Male,71.177.100.89
998,Deane,Reddoch,dreddochrp@go.com,Agender,214.140.153.61
999,Clemence,Skitt,cskittrq@yellowbook.com,Female,16.8.119.90
1000,Benoit,Scrowton,bscrowtonrr@cyberchimps.com,Male,201.37.114.84
